De Burgemeester;meneer de burgemeester
BurgemeesterBot;meneer de burgemeester
973002641914687494;meneer de burgemeester
Octaaf;meneer De Raaf
Octaaf Bot;meneer De Raaf
OctaafBot;meneer De Raaf
1008809832114282498;meneer De Raaf
Jeannine;mevrouw Praline
Jeannine Bot;mevrouw Praline
JeannineBot;mevrouw Praline
1007348476441780225;mevrouw Praline
GertjeBot;Gertje
Gert_bot;Gertje
907221834235510785;Gertje
Van Leemhuyzen;meneer Van Veelluizen
Van Leemhuyzen Bot;meneer Van Veelluizen
49344793;meneer Zomers
144113649;meneer Rectors
772264497453170688; meneer Torfs Spot
Afgevaardigde van de Minister; meneer de afgevaardigde van de verkwister
570698884; meneer de afgevaardige van de verkwister
988557807581646848; meneer Spaghetti
905092684699901953; meneer de burgemeester
